2768632,5229909,2181584,2403220,2536857,2562725,2065572,1993150,2504635,2745747,
3429574,3056778,3327494,4524306,3955252,3162485,3017869,3534739,3694534,4064159,
4561024,5225116,4494236,3457009,3147542,3430233,3534684,3429856,3437290,4636682,
7426979,5896059,7667408,7398009,4673582,4719440,5194224,4637288,5506373,5481825,
6630431,5940719,6555727,7502545,6314407,6339884,7409553,8669366,6489423,6636628,
9383128,10006639,9028102,9414812,12211790,10344360,11820224,9577252,11240259,8258202,
18471966,17259259,12529015,16457814,11589497,16879700,10880079,11149409,11189171,11961123,
14555265,18869474,15958336,16043414,15018547,14037124,14649900,14057646,14472896,22769133,
24076326,17509261,22932405,18067388,19238194,19655145,18027013,18035311,24571688,26156934,
24205737,22133023,22224588,22543362,23754390,28392336,31653446,22282120,25431629,21484006,
27650967,31390341,33998229,29241429,32800923,27642209,29094619,29291263,33955594,32967185,
39833361,33408845,32342453,34673628,38097784,34243445,33301689,31330774,32172890,34038006,
41963425,42505427,40818903,40251098,40478748,39531638,40985115,40246170,40415768,40681960,
47206878,46296752,46276613,48621457,46471791,48248769,46643119,51121985,44305974,46879595,
54736489,58472601,57435404,59103374,60829516,58954706,62001861,62409422,60240461,57774690,
65093446,65200626,74229301,66349942,65111056,66614075,68379181,69983063,67646651,71334908,
78843399,83468774,76232731,75895589,82206800,80745077,79706545,73542791,83194653,75352938,
89085894,89879755,90144727,91168383,90166676,91529078,88970256,85950530,86089067,85354293,
104655451,100297861,103359469,104201764,102919934,97441016,96440149,101301820,98395173,102683360,
134808431,110705012,105883930,113396119,111650515,117843099,117219041,105490731,109868854,112293121,
126357431,132762295,124552980,130155647,125165124,130636105,130494269,133522250,125442748,125049120,
135656004,133831353,137372976,143325969,138561563,141024649,137727463,137419113,136762339,136995805,
154364091,150847407,153049569,153755409,152191683,156517675,155940756,159356713,166108100,153768993,
162531850,169805653,177869541,169643630,173133956,172972465,171763607,177062618,170507028,173270574,
189305988,187778270,182305274,187094706,200459764,186411250,184737020,190232439,179662558,182399571,
197984833,203708432,197313643,198290758,199234684,211713109,197008724,209812693,199333891,203455690,
237925158,228313551,214892258,224207277,227035066,230485319,224368587,224191523,226583455,219698618,
236043581,241148798,236237628,239350122,234044367,242421111,233613804,238386532,242148348,236619526,
260115678,270780468,264745664,259788424,265667046,268416033,267672772,260796419,266607425,263776241,
281908219,279566072,275718739,262393199,274444090,275826980,271573110,266897226,268952242,273473247,
297221323,293902123,298608733,318525254,307780252,303732390,300083543,305993494,297890363,308477206,
322218055,332024475,329480625,319223028,323988637,327738447,329202950,329408444,322568092,332446423,
340514322,354973824,348752373,350235778,349265401,352614811,346083751,349645022,333522879,334817111,
366634343,362806512,364503599,362037226,369103263,364590821,360353376,369722572,370476974,363558981,
394332628,380521597,403821443,396277542,388022879,401667748,396005382,396191450,402596192,392968542,
403281927,395762701,410758132,413269361,415909790,406304794,406540024,410227375,409912864,409329586,
439912382,435458976,439903771,439833677,438203980,437633500,434661032,442241518,437378809,452017342,
459551842,454871938,441321781,453558962,458329121,458144222,462162725,453531679,473062195,455772616,
502051366,503134408,493017676,520585251,521469047,507551833,506280618,498842296,500741308,494030822,
523716056,514602903,522524438,512606712,513354376,513315112,512978229,529331908,510133698,514242489,
556842518,544369296,551914815,565438637,553111766,566412794,564506365,556124430,551248941,562907368,
575681113,575040241,582288135,562972049,572299225,572150094,591123152,558718285,571139348,578572533,
625709449,625546161,619799919,616865408,623171239,609586848,621423159,619554630,602207037,615364917,
625817445,626426287,641620189,614521989,629442151,632346044,625751731,628931858,626699157,639758347,
681849271,656515856,680694155,676727415,690397869,693928582,675071472,671181429,691211507,686431610,
711187293,703916091,706756079,687198838,685665868,708718104,701209170,676752021,685027793,704240195,
739555583,743810107,735628695,743653354,728868891,741740011,751426267,718999689,741370814,729461936,
751722501,758888317,772546693,758849507,763109444,756961453,755337997,755435066,755977956,753592401,
796634658,803736587,822287878,811600842,828830605,816370837,798845420,799204924,800482275,836287569,
835914690,836473306,823841626,843537732,833892965,849996571,836822100,834400781,827141928,844441876,
910759236,901975520,881090222,886244254,875065866,898749752,887923991,876458141,883599115,899689562,
910009660,915485682,901347682,915576914,915388637,900658647,895825112,900759432,917411479,904146860,
963906877,945696621,929322017,944588634,968641913,958780704,953230922,976545804,953712759,953287292,
980409282,988592780,1003604425,979231226,949966335,962438596,959863679,953268076,970229807,982436360,
1014604033,1051784263,1021437927,1056288813,1049995656,1034548611,1045152159,1011918949,1031036642,1045312048,
1073396061,1064108116,1056629851,1041950735,1075501123,1079072910,1076214989,1096818392,1050452247,1067756058,
1109951961,1117000447,1122016527,1114918100,1110483391,1112734291,1107289708,1109022277,1143535799,1116729280,
1133929260,1135106051,1131372634,1135717496,1129137371,1122702773,1160923377,1154563361,1128297504,1147378520,
1186343745,1199042020,1202616580,1133759452,1171355385,1183905139,1221710609,1191028264,1206108629,1199751098,
1265045014,1246698557,1240280666,1251510665,1243972172,1234693373,1218424766,1251675741,1237290673,1231176597,
1275210110,1223487094,1266575114,1300843388,1292087123,1308914711,1319646298,1298381593,1297093480,1270562462,
1280959129,1333343368,1377132036,1320398265,1307619800,1298505756,1340290960,1334598195,1271773792,1269054368,
1367133182,1360414930,1362848719,1322845282,1366774704,1373604920,1384937373,1397817232,1361258909,1347919025,
1417322527,1413948210,1434445149,1462128648,1442411475,1404087822,1412797878,1478230760,1360798919,1450321505,
1473556017,1480927155,1457344756,1483847071,1466460697,1459934196,1483231580,1481523477,1478817912,1462612542,
1513728245,1505279788,1482408240,1512460259,1491625296,1506898238,1501365540,1493122037,1482854229,1473419850,
1582742047,1549320482,1546013225,1582571937,1575778237,1556744732,1550730596,1529615852,1547515406,1501924173,
1582142598,1542759951,1614703229,1622334986,1584323147,1615805892,1582024963,1590299915,1602568947,1605094951,
1646584185,1670421845,1615130862,1646972106,1673481690,1661623021,1668568020,1678474233,1662640038,1662656045,
1710195761,1686762045,1672995624,1705026268,1701161836,1715862983,1703815806,1696671630,1675461739,1695859484,
1711452008,1741541337,1735787930,1702927346,1737268073,1780697721,1748318223,1751157481,1742279637,1701476370,
1791486602,1820475791,1825849421,1820519343,1809414292,1809715482,1806623937,1825630521,1783515007,1777276339,
1843351909,1872613026,1849163410,1837669341,1838237127,1845035706,1878859923,1797151459,1884011726,1840271198,
1873791935,1862027447,1912720432,1872781115,1844023846,1833019002,1824638593,1843354637,1862998436,1902298136,
1987286497,1946821709,1990556387,1991077514,1984396932,1937646268,1952874416,1949774998,1989553453,1986484295,
1994297672,1980405872,2017867146,2012708363,2022710622,2015977159,1988732910,2020920078,2018099403,2013562427,
2099600267,2092610006,2105673949,2096610904,2065436154,2111562405,2070967263,2098400469,2093488480,2096234932,
2138645601,2134868433,2127510435,2128051088,2117382163,2120528136,2118156048,2123259960,2029088397,2129079557,
2205523279,2209230650,2137491553,2158341162,2241850706,2289889289,2227278687,2178563651,2157959820,2155423763,
2297173132,2175671732,2192327706,2291841807,2259391222,2245340863,2245697994,2289933650,2301501619,2297615300,
2345417243,2342885493,2337572808,2278987165,2334163918,2264560230,2286912263,2336487089,2337123879,2335890931,
2348368326,2305064195,2410927453,2314405808,2314924685,2369746498,2270611096,2257701678,2308212570,2254181903,
2405579754,2333828844,2349199207,2455005815,2448673098,2440066255,2437912928,2347712616,2458337530,2379802024,
2477109914,2469603200,2462340607,2472360044,2482017919,2487784964,2461871136,2437240368,2421937408,2436767617,
2524523918,2521324623,2518561155,2519998905,2575396874,2520534917,2471034835,2525890054,2521388475,2472794485,
2589731662,2548655132,2476234472,2564075355,2531839544,2567584572,2602990162,2546853110,2604093521,2554355247,
2707011748,2629355750,2708445486,2703781560,2679967097,2634702435,2637264739,2641424768,2632318388,2658313096,
2690693214,2745185703,2736510458,2738555854,2687989656,2621832950,2669095648,2693725122,2707218897,2768272913,
2706145882,2803507479,2756140140,2775973768,2741183199,2691615812,2786985334,2753983426,2763678118,2824976819,
2786124557,2809662037,2843280303,2858334628,2853086050,2850095159,2848699085,2800463004,2864920743,2752551317,
2900162847,2940660053,2924688261,2951975378,3098414541,2906377312,2891463305,2810320815,2898640673,2910802968,
2998594863,2881729352,2994861698,2857667624,2931338543,2946835347,2939862596,2900400055,2992999782,2995887583,
3097316704,3036652652,3108507109,3099471135,3101658075,3039607533,3029499521,3036152801,3100626163,3015922413,
3045998090,3118326323,3067365045,3107272337,3079270224,3067193582,2976599507,3061444678,3072179957,3064533253,
3146566852,3247312096,3172478093,3212259486,3236250049,3222812423,3228850429,3232764639,3128734322,3174456659,
3327549262,3307565298,3363850987,3269226848,3323813070,3273829083,3212389246,3311517930,3427116594,3496863493,
3386967817,3317313427,3386769652,3368538674,3362739500,3382219089,3314937104,3303408382,3309702828,3297685149,
3414966877,3314944311,3357015758,3347016036,3408043814,3409001201,3319628586,3330131935,3358154590,3273952481,
3355859894,3438743902,3440934895,3517436514,3460906638,3421628456,3531114451,3422277373,3520949359,3481286274,
3475155771,3491812971,3548536570,3568514536,3438213258,3504646629,3482391485,3610760621,3561147297,3561922401,
